name,cho_per_100g,calories_per_100g,protein_per_100g,fat_per_100g,fiber_per_100g,is_vegan,is_vegetarian,is_gluten_free,is_lactose_free,typical_serving_size_g,food_group
Pasta,75.0,350.0,12.0,1.5,3.0,False,True,False,True,80.0,Carboidrati
Riso bianco,80.0,365.0,7.0,0.6,0.4,True,True,True,True,70.0,Carboidrati
Riso integrale,70.0,350.0,7.5,2.4,3.6,True,True,True,True,70.0,Carboidrati
Fusilli,75.0,350.0,12.0,1.5,3.0,False,True,False,True,80.0,Carboidrati
Pane integrale,45.0,247.0,11.0,3.0,7.0,True,True,False,True,50.0,Carboidrati
Farina di frumento,76.0,340.0,10.0,1.0,2.8,True,True,False,True,30.0,Carboidrati
Avena,66.0,389.0,16.9,6.9,10.6,True,True,True,True,40.0,Carboidrati
Lasagne,75.0,350.0,12.0,1.5,3.0,False,True,False,True,80.0,Carboidrati
Quinoa,57.0,368.0,14.0,6.0,7.0,True,True,True,True,60.0,Carboidrati
Patate,17.0,77.0,2.0,0.1,2.2,True,True,True,True,150.0,Carboidrati
Mais,19.0,86.0,3.2,1.2,2.7,True,True,True,True,80.0,Carboidrati
Farro,70.0,340.0,14.0,2.5,7.0,True,True,False,True,60.0,Carboidrati
Orzo,73.0,354.0,12.5,2.3,17.3,True,True,False,True,50.0,Carboidrati
Couscous,77.0,376.0,12.8,0.6,5.0,True,True,False,True,70.0,Carboidrati
Gnocchi di patate,18.0,160.0,3.0,0.3,1.5,True,True,False,True,200.0,Carboidrati
Pomodoro,4.0,20.0,1.0,0.2,1.0,True,True,True,True,150.0,Verdura
Broccoli,3.3,34.0,2.8,0.4,2.6,True,True,True,True,200.0,Verdura
Spinaci,3.6,23.0,2.9,0.4,2.2,True,True,True,True,100.0,Verdura
Carote,9.6,41.0,0.9,0.2,2.8,True,True,True,True,80.0,Verdura
Zucchine,3.1,17.0,1.2,0.3,1.0,True,True,True,True,150.0,Verdura
Melanzane,5.7,25.0,1.0,0.2,3.0,True,True,True,True,200.0,Verdura
Peperoni,6.0,31.0,1.0,0.3,2.1,True,True,True,True,100.0,Verdura
Lattuga,2.2,15.0,1.4,0.2,1.3,True,True,True,True,80.0,Verdura
Funghi champignon,3.3,22.0,3.1,0.3,1.0,True,True,True,True,100.0,Verdura
Cipolla,9.3,40.0,1.1,0.1,1.7,True,True,True,True,50.0,Verdura
Aglio,33.1,149.0,6.4,0.5,2.1,True,True,True,True,5.0,Verdura
Zucca,6.5,26.0,1.0,0.1,0.5,True,True,True,True,200.0,Verdura
Cavolo,5.8,25.0,1.3,0.1,2.5,True,True,True,True,100.0,Verdura
Asparagi,3.9,20.0,2.2,0.2,2.1,True,True,True,True,125.0,Verdura
Piselli,14.5,81.0,5.0,0.4,4.4,True,True,True,True,80.0,Verdura
Orecchiette,75.0,350.0,12.0,1.5,3.0,False,True,False,True,80.0,Carboidrati
Barbabietola,9.6,43.0,1.6,0.2,2.8,True,True,True,True,100.0,Verdura
Radicchio,4.5,23.0,1.4,0.3,0.9,True,True,True,True,80.0,Verdura
Carciofi,10.5,47.0,3.3,0.2,5.4,True,True,True,True,120.0,Verdura
Finocchio,7.3,31.0,1.2,0.2,3.1,True,True,True,True,100.0,Verdura
Mela,14.0,52.0,0.3,0.2,2.4,True,True,True,True,150.0,Frutta
Banana,22.8,89.0,1.1,0.3,2.6,True,True,True,True,120.0,Frutta
Arancia,11.8,47.0,0.9,0.1,2.4,True,True,True,True,150.0,Frutta
Pera,15.5,57.0,0.4,0.1,3.1,True,True,True,True,150.0,Frutta
Fragole,7.7,32.0,0.7,0.3,2.0,True,True,True,True,100.0,Frutta
Ananas,11.8,50.0,0.5,0.1,1.4,True,True,True,True,100.0,Frutta
Kiwi,14.7,61.0,1.1,0.5,3.0,True,True,True,True,100.0,Frutta
Uva,18.1,69.0,0.7,0.2,0.9,True,True,True,True,100.0,Frutta
Pesche,9.5,39.0,0.9,0.3,1.5,True,True,True,True,150.0,Frutta
Albicocche,11.1,48.0,1.4,0.4,2.0,True,True,True,True,100.0,Frutta
Melone,8.0,34.0,0.8,0.2,0.9,True,True,True,True,150.0,Frutta
Mango,15.0,60.0,0.8,0.4,1.6,True,True,True,True,100.0,Frutta
Limone,9.3,29.0,1.1,0.3,2.8,True,True,True,True,20.0,Frutta
Avocado,8.5,160.0,2.0,14.7,6.7,True,True,True,True,100.0,Frutta
Mirtilli,14.5,57.0,0.7,0.3,2.4,True,True,True,True,80.0,Frutta
Ciliegia,12.2,50.0,1.0,0.3,1.6,True,True,True,True,100.0,Frutta
Petto di pollo,0.0,165.0,31.0,3.6,0.0,False,False,True,True,150.0,Proteine
Filetto di manzo,0.0,217.0,26.0,11.0,0.0,False,False,True,True,150.0,Proteine
Salmone,0.0,206.0,22.0,13.0,0.0,False,False,True,True,125.0,Proteine
Uova,0.7,155.0,12.6,10.6,0.0,False,True,True,True,60.0,Proteine
Tofu,1.9,76.0,8.0,4.2,0.3,True,True,True,True,100.0,Proteine
Lenticchie,20.0,116.0,9.0,0.4,7.9,True,True,True,True,70.0,Legumi
Fagioli borlotti,19.5,100.0,8.7,0.8,7.0,True,True,True,True,80.0,Legumi
Ceci,27.4,164.0,8.9,2.6,7.6,True,True,True,True,70.0,Legumi
Tacchino,0.0,189.0,29.0,7.0,0.0,False,False,True,True,150.0,Proteine
Tonno in scatola,0.0,116.0,25.5,1.0,0.0,False,False,True,True,80.0,Proteine
Maiale,0.0,242.0,27.0,14.0,0.0,False,False,True,True,150.0,Proteine
Fesa di tacchino,0.0,135.0,30.0,3.0,0.0,False,False,True,True,100.0,Proteine
Tempeh,9.4,193.0,19.0,11.0,9.3,True,True,True,True,100.0,Proteine
Seitan,14.0,370.0,75.0,2.0,1.9,True,True,False,True,100.0,Proteine
Agnello,0.0,294.0,25.0,21.0,0.0,False,False,True,True,120.0,Proteine
Gamberi,0.0,99.0,24.0,0.3,0.0,False,False,True,True,100.0,Proteine
Formaggio parmigiano,3.2,431.0,33.0,28.0,0.0,False,True,True,False,30.0,Latticini
Mozzarella,2.2,280.0,18.0,22.0,0.0,False,True,True,False,100.0,Latticini
Yogurt greco,3.9,97.0,9.0,5.0,0.0,False,True,True,False,150.0,Latticini 
Ricotta,3.0,174.0,11.4,13.0,0.0,False,True,True,False,100.0,Latticini
Burro,0.1,717.0,0.9,81.1,0.0,False,True,True,False,10.0,Latticini
Latte vaccino,4.8,64.0,3.3,3.6,0.0,False,True,True,False,250.0,Latticini
Latte di soia,6.0,54.0,3.3,1.8,0.6,True,True,True,True,250.0,Bevande
Latte di mandorla,1.5,24.0,1.1,2.5,0.4,True,True,True,True,250.0,Bevande
Latte di cocco,6.7,230.0,2.3,24.0,0.0,True,True,True,True,250.0,Bevande
Succo d'arancia,10.4,45.0,0.7,0.2,0.5,True,True,True,True,200.0,Bevande
Tè verde,0.0,1.0,0.0,0.0,0.0,True,True,True,True,200.0,Bevande
Caffè,0.0,2.0,0.1,0.0,0.0,True,True,True,True,30.0,Bevande
Vino rosso,2.7,85.0,0.1,0.0,0.0,True,True,True,True,150.0,Bevande
Birra,3.6,43.0,0.5,0.0,0.0,True,True,False,True,330.0,Bevande
Smoothie di frutta,14.0,60.0,1.0,0.5,2.0,True,True,True,True,300.0,Bevande
Acqua minerale,0.0,0.0,0.0,0.0,0.0,True,True,True,True,500.0,Bevande
Olio d'oliva,0.0,900.0,0.0,100.0,0.0,True,True,True,True,15.0,Grassi
Olio di semi,0.0,900.0,0.0,100.0,0.0,True,True,True,True,15.0,Grassi
Noci,5.1,654.0,15.2,65.2,6.7,True,True,True,True,30.0,Grassi
Mandorle,9.1,576.0,21.2,49.9,12.5,True,True,True,True,30.0,Grassi
Semi di chia,42.1,486.0,16.5,30.7,34.4,True,True,True,True,15.0,Grassi
Semi di lino,1.6,534.0,18.3,42.2,27.3,True,True,True,True,15.0,Grassi
Nocciole,7.0,628.0,15.0,61.0,9.7,True,True,True,True,30.0,Grassi
Pistacchi,8.1,562.0,20.6,45.4,10.6,True,True,True,True,30.0,Grassi
Noci di macadamia,5.7,718.0,7.9,75.8,8.6,True,True,True,True,30.0,Grassi
Arachidi,16.1,567.0,25.8,49.2,8.5,True,True,True,True,30.0,Grassi
Maionese,1.5,680.0,1.3,75.0,0.0,False,True,True,False,15.0,Condimenti
Hummus,14.3,166.0,8.0,9.6,6.0,True,True,True,True,30.0,Condimenti
Penne,75.0,350.0,12.0,1.5,3.0,False,True,False,True,80.0,Carboidrati
Salsa di pomodoro,7.0,32.0,1.4,0.5,1.2,True,True,True,True,50.0,Condimenti
Pesto,3.8,345.0,3.7,36.0,1.4,False,True,True,False,15.0,Condimenti
Aceto balsamico,17.0,88.0,0.5,0.0,0.0,True,True,True,True,10.0,Condimenti
Salsa di soia,5.6,60.0,10.5,0.1,0.8,True,True,True,True,15.0,Condimenti
Ketchup,22.8,112.0,1.7,0.3,0.9,True,True,True,True,15.0,Condimenti
Senape,6.4,66.0,3.7,4.2,3.3,True,True,True,True,10.0,Condimenti
Guacamole,4.3,144.0,1.7,13.1,5.0,True,True,True,True,30.0,Condimenti
Rigatoni,75.0,350.0,12.0,1.5,3.0,False,True,False,True,80.0,Carboidrati
Miele,82.4,304.0,0.3,0.0,0.2,False,True,True,True,10.0,Dolcificanti
Zucchero bianco,99.8,387.0,0.0,0.0,0.0,True,True,True,True,10.0,Dolcificanti
Sciroppo d'acero,67.0,260.0,0.0,0.0,0.0,True,True,True,True,15.0,Dolcificanti
Stevia,0.0,0.0,0.0,0.0,0.0,True,True,True,True,1.0,Dolcificanti
Zucchero di cocco,87.0,385.0,1.0,0.0,4.0,True,True,True,True,10.0,Dolcificanti
Cioccolato fondente,46.0,598.0,8.0,43.0,11.0,True,True,True,True,25.0,Dolci
Patate dolci,20.1,86.0,1.6,0.1,3.0,True,True,True,True,150.0,Carboidrati
Fagioli neri,23.7,132.0,8.9,0.5,8.7,True,True,True,True,80.0,Legumi
Fagioli rossi,22.8,127.0,8.7,0.5,7.4,True,True,True,True,80.0,Legumi
Edamame,9.9,121.0,12.0,5.0,5.2,True,True,True,True,100.0,Legumi
Lenticchie rosse,20.0,116.0,9.0,0.4,7.9,True,True,True,True,70.0,Legumi
Lenticchie verdi,19.5,127.0,9.1,0.6,10.7,True,True,True,True,70.0,Legumi
Fagiolini,7.0,31.0,1.8,0.2,3.4,True,True,True,True,100.0,Verdura
Cavolfiore,3.0,25.0,1.9,0.3,2.0,True,True,True,True,150.0,Verdura
Cavoletti di Bruxelles,9.0,43.0,3.4,0.3,3.8,True,True,True,True,100.0,Verdura
Cavolo riccio,8.8,49.0,4.3,0.9,3.6,True,True,True,True,80.0,Verdura
Biete,3.7,19.0,1.8,0.2,1.6,True,True,True,True,100.0,Verdura
Rucola,3.7,25.0,2.6,0.7,1.6,True,True,True,True,50.0,Verdura
Sedano,3.0,16.0,0.7,0.2,1.6,True,True,True,True,80.0,Verdura
Cetriolo,3.6,15.0,0.7,0.1,0.5,True,True,True,True,100.0,Verdura
Ravanelli,3.4,16.0,0.7,0.1,1.6,True,True,True,True,50.0,Verdura
Porro,14.2,61.0,1.5,0.3,1.8,True,True,True,True,80.0,Verdura
Pastinaca,18.0,75.0,1.2,0.3,4.9,True,True,True,True,100.0,Verdura
Rapa,6.4,28.0,0.9,0.1,1.8,True,True,True,True,100.0,Verdura
Topinambur,17.4,73.0,2.0,0.0,1.6,True,True,True,True,100.0,Verdura
Indivia,3.4,17.0,1.3,0.2,3.1,True,True,True,True,80.0,Verdura
Scalogno,16.8,72.0,2.5,0.1,3.2,True,True,True,True,20.0,Verdura
Olive verdi,6.0,145.0,1.0,15.3,3.3,True,True,True,True,30.0,Grassi
Olive nere,6.3,115.0,0.8,10.7,3.2,True,True,True,True,30.0,Grassi
Cuori di carciofo (conserva),5.1,35.0,2.0,0.2,5.0,True,True,True,True,100.0,Verdura
Germogli di soia,4.0,52.0,5.5,2.0,1.1,True,True,True,True,50.0,Verdura
Germogli di bambù,5.2,27.0,2.6,0.3,2.2,True,True,True,True,100.0,Verdura
Alghe Nori,5.8,35.0,5.8,0.3,0.0,True,True,True,True,3.0,Verdura
Alghe Wakame,50.0,45.0,18.0,2.0,35.0,True,True,True,True,5.0,Verdura
Lamponi,11.9,52.0,1.2,0.7,6.5,True,True,True,True,80.0,Frutta
More,10.2,43.0,1.4,0.5,5.3,True,True,True,True,80.0,Frutta
Pompelmo,10.7,42.0,0.8,0.1,1.6,True,True,True,True,200.0,Frutta
Lime,10.5,30.0,0.7,0.2,2.8,True,True,True,True,30.0,Frutta
Mandarino,13.3,53.0,0.8,0.3,1.8,True,True,True,True,80.0,Frutta
Prugne,11.4,46.0,0.7,0.3,1.4,True,True,True,True,100.0,Frutta
Nettarine,10.6,44.0,1.1,0.3,1.7,True,True,True,True,150.0,Frutta
Anguria,7.6,30.0,0.6,0.2,0.4,True,True,True,True,250.0,Frutta
Papaya,10.8,43.0,0.5,0.3,1.7,True,True,True,True,150.0,Frutta
Frutto della passione,23.4,97.0,2.2,0.7,10.4,True,True,True,True,50.0,Frutta
Guava,14.3,68.0,2.6,1.0,5.4,True,True,True,True,100.0,Frutta
Fichi,19.2,74.0,0.8,0.3,2.9,True,True,True,True,50.0,Frutta
Datteri,75.0,277.0,1.8,0.2,6.7,True,True,True,True,25.0,Frutta
Uvetta sultanina,79.2,299.0,3.1,0.5,3.7,True,True,True,True,30.0,Frutta
Fichi secchi,63.9,249.0,3.3,0.9,9.8,True,True,True,True,40.0,Frutta
Prugne secche,63.9,240.0,2.2,0.4,7.1,True,True,True,True,40.0,Frutta
Cocco grattugiato (secco),23.7,660.0,6.9,64.5,16.3,True,True,True,True,15.0,Grassi
Farina di cocco,23.7,660.0,6.9,64.5,16.3,True,True,True,True,20.0,Carboidrati
Farina di mandorle,21.7,579.0,21.2,50.0,12.5,True,True,True,True,30.0,Carboidrati
Farina di ceci,57.8,364.0,22.4,6.7,10.8,True,True,True,True,30.0,Carboidrati
Farina di riso,80.1,366.0,6.0,1.4,2.4,True,True,True,True,30.0,Carboidrati
Farina di mais (per polenta),76.8,361.0,6.9,3.9,7.3,True,True,True,True,50.0,Carboidrati
Farina d'avena,66.3,389.0,16.9,6.9,10.6,True,True,True,True,30.0,Carboidrati
Amaranto,65.3,371.0,13.6,7.0,6.7,True,True,True,True,50.0,Carboidrati
Grano saraceno,71.5,343.0,13.3,3.4,10.0,True,True,True,True,60.0,Carboidrati
Miglio,72.9,378.0,11.0,4.2,8.5,True,True,True,True,50.0,Carboidrati
Bulgur,75.9,342.0,12.3,1.3,12.5,True,True,False,True,60.0,Carboidrati
Riso Basmati,79.9,365.0,7.1,0.7,1.3,True,True,True,True,70.0,Carboidrati
Riso Jasmine,81.0,357.0,6.7,0.4,0.9,True,True,True,True,70.0,Carboidrati
Riso Venere (Nero),75.0,356.0,9.9,3.4,4.8,True,True,True,True,70.0,Carboidrati
Riso Arborio,79.0,354.0,7.0,0.5,2.8,True,True,True,True,70.0,Carboidrati
Pasta integrale,64.0,340.0,13.0,2.5,8.0,True,True,False,True,80.0,Carboidrati
Pasta all'uovo,68.0,368.0,13.0,3.0,2.5,False,True,False,True,80.0,Carboidrati
Grissini,75.0,410.0,11.0,9.0,3.0,True,True,False,True,30.0,Carboidrati
Pane bianco,50.0,265.0,9.0,3.2,2.7,True,True,False,True,50.0,Carboidrati
Fette biscottate,72.0,410.0,11.0,7.0,4.0,True,True,False,True,20.0,Carboidrati
Corn flakes,84.0,357.0,7.0,0.4,3.0,True,True,False,True,30.0,Carboidrati
Polenta istantanea,78.0,359.0,8.0,1.5,3.0,True,True,True,True,50.0,Carboidrati
Coscia di pollo,0.0,215.0,25.0,12.0,0.0,False,False,True,True,150.0,Proteine
Macinato di manzo,0.0,250.0,26.0,15.0,0.0,False,False,True,True,100.0,Proteine
Bistecca di maiale,0.0,231.0,26.0,13.0,0.0,False,False,True,True,150.0,Proteine
Prosciutto cotto,1.5,145.0,21.0,6.0,0.0,False,False,True,True,50.0,Proteine
Prosciutto crudo,0.5,250.0,26.0,16.0,0.0,False,False,True,True,50.0,Proteine
Bresaola,0.0,151.0,33.0,2.0,0.0,False,False,True,True,50.0,Proteine
Mortadella,1.5,310.0,14.0,28.0,0.0,False,False,True,True,50.0,Proteine
Salame,1.0,410.0,22.0,35.0,0.0,False,False,True,True,30.0,Proteine
Wurstel (pollo/tacchino),2.0,250.0,12.0,20.0,0.0,False,False,True,True,60.0,Proteine
Pancetta,1.4,541.0,37.0,42.0,0.0,False,False,True,True,30.0,Proteine
Merluzzo,0.0,82.0,18.0,0.7,0.0,False,False,True,True,150.0,Proteine
Sgombro,0.0,262.0,24.0,18.0,0.0,False,False,True,True,120.0,Proteine
Sardine (sott'olio),0.0,208.0,24.6,11.2,0.0,False,False,True,True,80.0,Proteine
Acciughe (sott'olio),0.0,210.0,29.0,9.7,0.0,False,False,True,True,20.0,Proteine
Tonno fresco,0.0,144.0,23.0,4.9,0.0,False,False,True,True,150.0,Proteine
Pesce spada,0.0,121.0,20.0,4.0,0.0,False,False,True,True,150.0,Proteine
Cozze,3.7,86.0,11.9,2.2,0.0,False,False,True,True,150.0,Proteine
Vongole,5.0,74.0,10.0,1.0,0.0,False,False,True,True,100.0,Proteine
Calamari,3.1,92.0,15.6,1.4,0.0,False,False,True,True,120.0,Proteine
Polpo,2.2,82.0,14.9,1.0,0.0,False,False,True,True,120.0,Proteine
Capesante,2.5,111.0,20.5,0.8,0.0,False,False,True,True,100.0,Proteine
Formaggio Feta,4.1,264.0,14.2,21.3,0.0,False,True,True,False,40.0,Latticini
Formaggio di capra (fresco),0.1,264.0,18.5,21.0,0.0,False,True,True,False,30.0,Latticini
Formaggio Cheddar,1.3,404.0,24.9,33.3,0.0,False,True,True,False,30.0,Latticini
Formaggio Emmental,0.1,380.0,28.8,29.7,0.0,False,True,True,False,30.0,Latticini
Formaggio Gorgonzola,0.1,350.0,19.0,30.0,0.0,False,True,True,False,30.0,Latticini
Formaggio spalmabile (light),5.0,150.0,10.0,9.0,0.0,False,True,True,False,30.0,Latticini
Fiocchi di latte,3.4,98.0,11.1,4.3,0.0,False,True,True,False,100.0,Latticini
Panna da cucina (UHT),3.3,215.0,2.4,21.0,0.0,False,True,True,False,30.0,Latticini
Panna montata (zuccherata),15.0,300.0,2.0,25.0,0.0,False,True,True,False,20.0,Latticini
Latte di avena,6.5,48.0,0.3,1.5,0.8,True,True,False,True,250.0,Bevande
Latte di riso,9.0,47.0,0.3,1.0,0.3,True,True,True,True,250.0,Bevande
Yogurt di soia,4.0,50.0,4.0,2.0,0.5,True,True,True,True,150.0,Latticini
Formaggio vegano (tipo cheddar),22.0,300.0,1.0,23.0,1.0,True,True,True,True,30.0,Latticini
Olio di cocco,0.0,862.0,0.0,100.0,0.0,True,True,True,True,15.0,Grassi
Olio di semi di girasole,0.0,884.0,0.0,100.0,0.0,True,True,True,True,15.0,Grassi
Olio di canola,0.0,884.0,0.0,100.0,0.0,True,True,True,True,15.0,Grassi
Olio di arachidi,0.0,884.0,0.0,100.0,0.0,True,True,True,True,15.0,Grassi
Margarina,0.6,710.0,0.5,80.0,0.0,True,True,True,True,10.0,Grassi
Semi di zucca,10.7,559.0,30.2,49.1,6.0,True,True,True,True,15.0,Grassi
Semi di girasole,20.0,584.0,20.8,51.5,8.6,True,True,True,True,15.0,Grassi
Semi di sesamo,23.4,573.0,17.7,49.7,11.8,True,True,True,True,15.0,Grassi
Tahini (pasta di sesamo),21.2,595.0,17.0,53.8,9.3,True,True,True,True,15.0,Condimenti
Burro di arachidi,20.0,588.0,25.0,50.0,6.0,True,True,True,True,20.0,Grassi
Burro di mandorle,21.7,614.0,21.2,55.8,11.8,True,True,True,True,20.0,Grassi
Crema di nocciole (senza zucchero),15.0,650.0,14.0,62.0,9.0,True,True,True,True,20.0,Grassi
Aceto di mele,0.9,21.0,0.0,0.0,0.0,True,True,True,True,15.0,Condimenti
Aceto di vino bianco,0.0,19.0,0.0,0.0,0.0,True,True,True,True,15.0,Condimenti
Salsa Worcestershire,9.6,78.0,0.0,0.0,0.0,False,False,False,True,5.0,Condimenti
Salsa Tabasco,1.6,12.0,0.8,0.6,1.3,True,True,True,True,5.0,Condimenti
Salsa Sriracha,22.0,100.0,2.0,2.0,2.0,True,True,True,True,5.0,Condimenti
Concentrato di pomodoro,25.8,82.0,4.3,0.5,5.9,True,True,True,True,15.0,Condimenti
Capperi (sotto sale),5.0,23.0,2.4,0.9,3.2,True,True,True,True,5.0,Condimenti
Pasta d'acciughe,0.0,210.0,29.0,9.7,0.0,False,False,True,True,5.0,Condimenti
Maionese vegana,2.0,600.0,0.5,65.0,0.0,True,True,True,True,15.0,Condimenti
Senape di Digione,5.0,143.0,8.0,11.0,4.0,True,True,True,True,10.0,Condimenti
Rafano,11.3,48.0,1.2,0.7,3.3,True,True,True,True,5.0,Condimenti
Sale,0.0,0.0,0.0,0.0,0.0,True,True,True,True,1.0,Condimenti
Pasta di ceci,45.0,340.0,21.0,4.5,6.0,True,True,True,True,80.0,Carboidrati
Zucchero di canna,98.0,380.0,0.1,0.0,0.0,True,True,True,True,10.0,Dolcificanti
Agave sciroppo,76.0,310.0,0.0,0.0,0.0,True,True,True,True,15.0,Dolcificanti
Eritritolo,99.0,20.0,0.0,0.0,0.0,True,True,True,True,10.0,Dolcificanti
Xilitolo,99.0,240.0,0.0,0.0,0.0,True,True,True,True,10.0,Dolcificanti
Cioccolato al latte,59.4,535.0,7.7,30.0,3.4,False,True,True,False,25.0,Dolci
Cioccolato bianco,59.0,539.0,5.9,32.0,0.0,False,True,True,False,25.0,Dolci
Caramelle dure,98.0,380.0,0.0,0.0,0.0,True,True,True,True,10.0,Dolci
Biscotti secchi (tipo frollini),70.0,480.0,7.0,20.0,2.0,False,True,False,False,20.0,Dolci
Gelato alla crema,24.0,210.0,4.0,11.0,0.7,False,True,True,False,80.0,Dolci
Sorbetto al limone,30.0,130.0,0.5,0.1,0.5,True,True,True,True,80.0,Dolci
Popcorn (senza burro/sale),78.0,387.0,13.0,5.0,15.0,True,True,True,True,20.0,Carboidrati
Patatine fritte (chips),53.0,536.0,7.0,35.0,4.0,True,True,True,True,30.0,Snack Salati
Pretzels,75.0,380.0,10.0,3.0,3.0,True,True,False,True,30.0,Snack Salati
Barretta energetica (mista),50.0,400.0,15.0,15.0,8.0,False,True,False,False,40.0,Snack Dolci
Succo di mela,11.3,46.0,0.1,0.1,0.2,True,True,True,True,200.0,Bevande
Pasta di lenticchie rosse,52.0,340.0,24.0,1.7,7.0,True,True,True,True,80.0,Carboidrati
Succo d'uva,15.0,60.0,0.4,0.1,0.1,True,True,True,True,200.0,Bevande
Tisana (non zuccherata),0.0,1.0,0.0,0.0,0.0,True,True,True,True,200.0,Bevande
Bevanda gassata (cola),10.6,42.0,0.0,0.0,0.0,True,True,True,True,330.0,Bevande
Bevanda energetica,11.0,45.0,0.0,0.0,0.0,True,True,True,True,250.0,Bevande
Acqua tonica,8.8,34.0,0.0,0.0,0.0,True,True,True,True,200.0,Bevande
Vino bianco,2.6,82.0,0.1,0.0,0.0,True,True,True,True,150.0,Bevande
Liquore (amaro),25.0,250.0,0.0,0.0,0.0,True,True,True,True,30.0,Bevande
Brodo vegetale,1.0,5.0,0.3,0.1,0.1,True,True,True,True,250.0,Bevande
Brodo di pollo,0.5,7.0,0.9,0.3,0.0,False,False,True,True,250.0,Bevande
Lievito alimentare in scaglie,38.0,344.0,51.0,4.0,22.0,True,True,True,True,5.0,Condimenti
Amido di mais (Maizena),88.0,381.0,0.3,0.1,0.9,True,True,True,True,10.0,Carboidrati
Fecola di patate,83.0,357.0,0.6,0.1,0.0,True,True,True,True,10.0,Carboidrati
Gelatina in fogli,0.0,335.0,86.0,0.1,0.0,False,False,True,True,2.0,Altro
Agar agar,81.0,306.0,6.0,0.3,7.7,True,True,True,True,2.0,Altro
Platano,31.9,122.0,1.3,0.4,2.3,True,True,True,True,100.0,Frutta
Lychee,16.5,66.0,0.8,0.4,1.3,True,True,True,True,100.0,Frutta
Cachi (Persimmon),18.6,70.0,0.6,0.2,3.6,True,True,True,True,150.0,Frutta
Mirtilli rossi (freschi),12.2,46.0,0.4,0.1,4.6,True,True,True,True,50.0,Frutta
Rabarbaro,4.5,21.0,0.9,0.2,1.8,True,True,True,True,100.0,Verdura
Okra (Gombo),7.5,33.0,1.9,0.2,3.2,True,True,True,True,100.0,Verdura
Crescione,1.3,11.0,2.3,0.1,0.5,True,True,True,True,50.0,Verdura
Cavolo rapa,6.2,27.0,1.7,0.1,3.6,True,True,True,True,100.0,Verdura
Cicoria belga (Indivia),4.0,17.0,0.9,0.1,1.0,True,True,True,True,80.0,Verdura
Anatra (petto senza pelle),0.0,140.0,28.0,2.5,0.0,False,False,True,True,120.0,Proteine
Vitello (lombata),0.0,172.0,29.0,5.6,0.0,False,False,True,True,120.0,Proteine
Coniglio,0.0,173.0,33.0,3.5,0.0,False,False,True,True,120.0,Proteine
Aringa,0.0,203.0,18.0,14.0,0.0,False,False,True,True,100.0,Proteine
Acciughe (fresche),0.0,131.0,20.4,4.8,0.0,False,False,True,True,80.0,Proteine
Lumache (cotte),2.0,90.0,16.0,1.0,0.0,False,False,True,True,100.0,Proteine
Formaggio Halloumi,1.9,321.0,22.0,25.0,0.0,False,True,True,False,50.0,Latticini
Formaggio Paneer,4.0,296.0,18.0,22.0,0.0,False,True,True,False,50.0,Latticini
Proteine vegetali testurizzate (TVP secche),34.0,327.0,52.0,1.0,18.0,True,True,True,True,25.0,Proteine
Lupini (cotti e  salati),9.9,119.0,15.6,2.9,4.8,True,True,True,True,80.0,Legumi
Kefir (latte intero),4.0,64.0,3.3,3.5,0.0,False,True,True,False,200.0,Bevande
Latticello,4.8,40.0,3.3,0.9,0.0,False,True,True,False,200.0,Bevande
Panna acida,3.0,198.0,2.4,19.4,0.0,False,True,True,False,30.0,Latticini
Mascarpone,4.8,438.0,4.8,44.5,0.0,False,True,True,False,30.0,Latticini
Crema spalmabile vegetale (tipo formaggio),8.0,250.0,2.0,22.0,1.0,True,True,True,True,30.0,Latticini
Ghee (burro chiarificato),0.0,898.0,0.0,99.8,0.0,False,True,True,True,10.0,Grassi
Strutto,0.0,902.0,0.0,100.0,0.0,False,False,True,True,10.0,Grassi
Olio di noci,0.0,884.0,0.0,100.0,0.0,True,True,True,True,15.0,Grassi
Olio di avocado,0.0,884.0,0.0,100.0,0.0,True,True,True,True,15.0,Grassi
Olio di sesamo tostato,0.0,884.0,0.0,100.0,0.0,True,True,True,True,10.0,Grassi
Zenzero fresco,17.8,80.0,1.8,0.8,2.0,True,True,True,True,5.0,Condimenti
Curcuma fresca,64.9,354.0,7.8,9.9,21.1,True,True,True,True,5.0,Condimenti
Paprika (spezia),54.0,282.0,14.0,13.0,35.0,True,True,True,True,2.0,Condimenti
Cumino (semi),44.2,375.0,17.8,22.3,10.5,True,True,True,True,2.0,Condimenti
Cannella (polvere),80.6,247.0,4.0,1.2,53.1,True,True,True,True,2.0,Condimenti
Estratto di vaniglia,12.7,288.0,0.1,0.1,0.0,True,True,True,True,5.0,Condimenti
Lievito di birra,40.0,325.0,40.0,8.0,20.0,True,True,False,True,2.0,Altro
Marzapane,48.0,450.0,10.0,26.0,5.0,True,True,True,True,20.0,Dolci
Halva (base sesamo),54.0,516.0,12.0,28.0,6.0,True,True,True,True,30.0,Dolci
Cioccolato fondente (85%),30.0,604.0,12.0,46.0,11.0,True,True,True,True,25.0,Dolci
Pangrattato,72.0,395.0,13.0,5.0,4.0,True,True,False,True,15.0,Carboidrati
Crostoni (Croutons),68.0,407.0,14.0,7.0,5.0,True,True,False,True,15.0,Carboidrati
Tortilla di mais,44.0,218.0,5.0,2.7,4.5,True,True,True,True,30.0,Carboidrati
Tortilla di frumento,46.0,300.0,8.0,6.0,3.0,True,True,False,True,40.0,Carboidrati
Dado vegetale,30.0,200.0,10.0,5.0,2.0,True,True,True,True,5.0,Condimenti
Latte di soia,8.0,60.0,3.0,1.8,0.6,True,True,True,True,250.0,Bevande
Pane azzimo,69.0,325.0,9.0,1.5,3.5,True,True,False,True,50.0,Carboidrati
Latte,4.8,64.0,3.3,3.6,0.0,False,True,True,False,250.0,Latticini
Besciamella,6.0,120.0,2.5,8.5,0.0,False,True,True,False,50.0,Condimenti
